"0","library(tidyverse, warn.conflicts = F)"
"2","Registered S3 methods overwritten by 'dbplyr':
  method         from
  print.tbl_lazy     
  print.tbl_sql      
"
"2","[37mâ”€â”€ [1mAttaching packages[22m â”€â”€â”€â”€â”€â”€â”€â”€â”€â”€â”€â”€â”€â”€â”€â”€â”€â”€â”€â”€â”€â”€â”€â”€â”€â”€â”€â”€â”€â”€â”€â”€â”€â”€â”€â”€â”€â”€ tidyverse 1.3.1 â”€â”€[39m
"
"2","[37m[32mâœ”[37m [34mggplot2[37m 3.3.6     [32mâœ”[37m [34mpurrr  [37m 0.3.4
[32mâœ”[37m [34mtibble [37m 3.1.7     [32mâœ”[37m [34mdplyr  [37m 1.0.9
[32mâœ”[37m [34mtidyr  [37m 1.2.0     [32mâœ”[37m [34mstringr[37m 1.4.0
[32mâœ”[37m [34mreadr  [37m 2.1.2     [32mâœ”[37m [34mforcats[37m 0.5.1[39m
"
"2","[37mâ”€â”€ [1mConflicts[22m â”€â”€â”€â”€â”€â”€â”€â”€â”€â”€â”€â”€â”€â”€â”€â”€â”€â”€â”€â”€â”€â”€â”€â”€â”€â”€â”€â”€â”€â”€â”€â”€â”€â”€â”€â”€â”€â”€â”€â”€â”€ tidyverse_conflicts() â”€â”€
[31mâœ–[37m [34mreadr[37m::[32medition_get()[37m   masks [34mtestthat[37m::edition_get()
[31mâœ–[37m [34mdplyr[37m::[32mfilter()[37m        masks [34mstats[37m::filter()
[31mâœ–[37m [34mpurrr[37m::[32mis_null()[37m       masks [34mtestthat[37m::is_null()
[31mâœ–[37m [34mdplyr[37m::[32mlag()[37m           masks [34mstats[37m::lag()
[31mâœ–[37m [34mreadr[37m::[32mlocal_edition()[37m masks [34mtestthat[37m::local_edition()
[31mâœ–[37m [34mdplyr[37m::[32mmatches()[37m       masks [34mtidyr[37m::matches(), [34mtestthat[37m::matches()[39m
"
"0","# internal set up"
"0",""
"0","set.seed(7)"
